VehicleName,TimeStamp,POS_X,POS_Y,POS_Z,Q_W,Q_X,Q_Y,Q_Z
Chaser,1765460286365,0.0,0.0,-0.8637146353721619,0.9956846237182617,0.0,0.0,0.0928017720580101
Target,1765460286365,-0.8031670451164246,1.4064792394638062,-1.9705482721328735,0.9793988466262817,0.17936937510967255,0.09117671847343445,-0.017069166526198387
Chaser,1765460287163,0.0,0.0,-0.8632747530937195,0.9663439393043518,0.0,0.0,0.257253497838974
Target,1765460287163,-3.7482707500457764,7.062107563018799,-5.744027137756348,0.9933328628540039,0.10219527781009674,0.05013037100434303,-0.018246471881866455
Chaser,1765460288162,0.0,0.0,-0.8632000088691711,0.9112209677696228,0.0,0.0,0.41191792488098145
Target,1765460288162,-7.595711708068848,14.556763648986816,-10.551736831665039,0.9977026581764221,0.05926470085978508,0.027026545256376266,-0.0186168160289526
Chaser,1765460289127,0.0,0.0,-0.8631855249404907,0.8355624675750732,0.0,0.0,0.5493955612182617
Target,1765460289127,-11.638808250427246,22.430767059326172,-15.726984977722168,0.9988706111907959,0.040478747338056564,0.01631670817732811,-0.018783198669552803
Chaser,1765460290030,0.0,0.0,-0.8631849884986877,0.7463430762290955,0.0,0.0,0.6655614376068115
Target,1765460290030,-15.58950138092041,30.106252670288086,-20.919599533081055,0.9992122054100037,0.032917145639657974,0.011657251045107841,-0.018858473747968674
Chaser,1765460290881,0.0,0.0,-0.8631849884986877,0.6330348253250122,0.0,0.0,0.7741233110427856
Target,1765460290881,-19.890460968017578,38.44539260864258,-26.663455963134766,0.9993370771408081,0.0296475812792778,0.009461944922804832,-0.018895737826824188
Chaser,1765460291792,0.0,0.0,-0.8631849884986877,0.49869945645332336,0.0,0.0,0.8667749762535095
Target,1765460291792,-24.437538146972656,47.250030517578125,-32.783390045166016,0.9993818998336792,0.028379889205098152,0.008527583442628384,-0.018912505358457565
Chaser,1765460292763,0.0,0.0,-0.8631849884986877,0.369648814201355,0.0,0.0,0.9291715621948242
Target,1765460292763,-28.347686767578125,54.81616973876953,-38.06112289428711,0.9993962049484253,0.027967600151896477,0.008196260780096054,-0.018918713554739952
Chaser,1765460293579,0.0,0.0,-0.8631849884986877,0.23707355558872223,0.0,0.0,0.9714917540550232
Target,1765460293579,-32.20412063598633,62.2760009765625,-43.27070999145508,0.9994021058082581,0.02779577486217022,0.008049463853240013,-0.018921691924333572
Chaser,1765460294397,0.0,0.0,-0.8631849884986877,0.1061558872461319,0.0,0.0,0.994349479675293
Target,1765460294397,-35.831085205078125,69.29056549072266,-48.1709098815918,0.9994046688079834,0.027722099795937538,0.007984835654497147,-0.018923018127679825
Chaser,1765460295147,0.0,0.0,-0.8631849884986877,-0.03082408756017685,0.0,0.0,0.9995248317718506
Target,1765460295147,-39.618003845214844,76.61443328857422,-53.28609848022461,0.9994059801101685,0.027682950720191002,0.007951924577355385,-0.018923526629805565
Chaser,1765460295947,0.0,0.0,-0.8631849884986877,-0.1780557781457901,0.0,0.0,0.9840204119682312
Target,1765460295947,-43.694000244140625,84.49748992919922,-58.79072189331055,0.9994067549705505,0.027659384533762932,0.00793434027582407,-0.018924076110124588
Chaser,1765460296802,0.0,0.0,-0.8631849884986877,-0.31344056129455566,0.0,0.0,0.9496078491210938
Target,1765460296802,-47.56764221191406,91.98918914794922,-64.0204849243164,0.9994072318077087,0.027644382789731026,0.007925376296043396,-0.018924299627542496
Chaser,1765460297606,0.0,0.0,-0.8631849884986877,-0.4445878863334656,0.0,0.0,0.8957352638244629
Target,1765460297606,-51.48561096191406,99.56475067138672,-69.30702209472656,0.9994077682495117,0.027628784999251366,0.007918423973023891,-0.01892431639134884
Chaser,1765460298421,0.0,0.0,-0.8631849884986877,-0.5585727095603943,0.0,0.0,0.829455554485321
Target,1765460298421,-55.11449432373047,106.58123016357422,-74.20170593261719,0.9994080662727356,0.02761744149029255,0.00791432149708271,-0.018924325704574585
Chaser,1765460299176,0.0,0.0,-0.8631849884986877,-0.6663637161254883,0.0,0.0,0.7456269264221191
Target,1765460299176,-58.88795471191406,113.87725067138672,-79.28949737548828,0.9994084239006042,0.027606528252363205,0.007910864427685738,-0.01892433688044548
Chaser,1765460299961,0.0,0.0,-0.8631849884986877,-0.7654521465301514,0.0,0.0,0.6434928178787231
Target,1765460299961,-62.83490753173828,121.50872039794922,-84.6092758178711,0.9994087815284729,0.027595117688179016,0.007907243445515633,-0.018924348056316376
Chaser,1765460300782,0.0,0.0,-0.8631849884986877,-0.8490421772003174,0.0,0.0,0.5283251404762268
Target,1765460300782,-66.75294494628906,129.08428955078125,-89.88807678222656,0.9994090795516968,0.027583766728639603,0.007903623394668102,-0.018924357369542122
Chaser,1765460301598,0.0,0.0,-0.8631849884986877,-0.9152253270149231,0.0,0.0,0.4029424488544464
Target,1765460301598,-70.68544006347656,136.68780517578125,-95.18435668945312,0.9994094371795654,0.027572503313422203,0.007900004275143147,-0.018924368545413017
Chaser,1765460302414,0.0,0.0,-0.8631849884986877,-0.9610099196434021,0.0,0.0,0.2765139639377594
Target,1765460302414,-74.40106964111328,143.87200927734375,-100.18668365478516,0.9994097948074341,0.02756175585091114,0.007896669209003448,-0.018924379721283913
Chaser,1765460303186,0.0,0.0,-0.8631849884986877,-0.9894194006919861,0.0,0.0,0.14508382976055145
Target,1765460303186,-78.10224151611328,151.02825927734375,-105.16777801513672,0.999410092830658,0.0275510735809803,0.007893301546573639,-0.01892438903450966
Chaser,1765460303958,0.0,0.0,-0.8631849884986877,-0.9999271035194397,0.0,0.0,0.012077274732291698
Target,1765460303958,-81.78895568847656,158.15655517578125,-110.1276626586914,0.9994103908538818,0.02754049561917782,0.007889905013144016,-0.018924398347735405
Chaser,1765460304724,0.0,0.0,-0.8631849884986877,-0.9929487109184265,0.0,0.0,-0.11854515969753265
Target,1765460304724,-85.40338134765625,165.14508056640625,-114.98859405517578,0.9994106888771057,0.02753017283976078,0.007886653766036034,-0.01892440766096115
Chaser,1765460305472,0.0,0.0,-0.8631849884986877,-0.9684601426124573,0.0,0.0,-0.2491685152053833
Target,1765460305472,-89.07563781738281,172.24542236328125,-119.92558288574219,0.9994110465049744,0.027519628405570984,0.00788324885070324,-0.018924418836832047
Chaser,1765460306236,0.0,0.0,-0.8623881936073303,-0.9389966130256653,0.0,0.0,-0.34392648935317993
Target,1765460306236,-92.52828979492188,178.9527587890625,-124.2370376586914,0.9395832419395447,-0.2372482717037201,-0.24516570568084717,-0.02811559848487377
Chaser,1765460306964,0.0,0.0,-0.8614901304244995,-0.9353859424591064,0.0,0.0,-0.35362857580184937
Target,1765460306964,-94.85814666748047,184.64952087402344,-126.07698059082031,0.9236668348312378,-0.25472185015678406,-0.2849963903427124,-0.027080649510025978
Chaser,1765460307762,0.0,0.0,-0.8612775802612305,-0.9352426528930664,0.0,0.0,-0.35400739312171936
Target,1765460307762,-95.14891052246094,188.01039123535156,-124.87665557861328,0.9394064545631409,-0.2673337161540985,-0.2080603539943695,-0.05252733454108238
Chaser,1765460308501,0.0,0.0,-0.8612140417098999,-0.9352353811264038,0.0,0.0,-0.354026734828949
Target,1765460308501,-93.6419906616211,188.4608154296875,-122.84717559814453,0.969102144241333,-0.22146274149417877,-0.05975373461842537,-0.09069080650806427
Chaser,1765460309205,0.0,0.0,-0.8611916899681091,-0.9352353811264038,0.0,0.0,-0.354026734828949
Target,1765460309205,-91.70856475830078,186.02902221679688,-122.0855941772461,0.9810724258422852,-0.10258360952138901,0.10608188062906265,-0.12538012862205505
Chaser,1765460309906,0.0,0.0,-0.861181378364563,-0.9352353811264038,0.0,0.0,-0.354026734828949
Target,1765460309906,-90.94245147705078,182.51869201660156,-122.17430114746094,0.9840294718742371,-0.03711695224046707,0.10953220725059509,-0.13531868159770966
Chaser,1765460310597,0.0,0.0,-0.8611798286437988,-0.9352353811264038,0.0,0.0,-0.354026734828949
Target,1765460310597,-91.17776489257812,178.8657989501953,-122.19637298583984,0.9900821447372437,0.0021202547941356897,0.03307165205478668,-0.13652539253234863
Chaser,1765460311281,0.0,0.0,-0.8611785769462585,-0.9352353811264038,0.0,0.0,-0.354026734828949
Target,1765460311281,-91.64646911621094,175.64295959472656,-122.76737213134766,0.9702178835868835,0.19258654117584229,-0.047604385763406754,-0.1390017718076706
Chaser,1765460311964,0.0,0.0,-0.8611785769462585,-0.9352353811264038,0.0,0.0,-0.354026734828949
Target,1765460311964,-91.57007598876953,173.8700408935547,-122.94506072998047,0.9695701003074646,0.19914638996124268,-0.04009085148572922,-0.13662812113761902
Chaser,1765460312656,0.0,0.0,-0.8611785769462585,-0.9352353811264038,0.0,0.0,-0.354026734828949
Target,1765460312656,-90.97125244140625,173.7059783935547,-122.53474426269531,0.9837336540222168,0.12263290584087372,0.011320559307932854,-0.13077141344547272
Chaser,1765460313336,0.0,0.0,-0.8611785769462585,-0.9352353811264038,0.0,0.0,-0.354026734828949
Target,1765460313336,-90.33116912841797,174.6829833984375,-122.34164428710938,0.9907646179199219,0.008342362008988857,0.05415227264165878,-0.12402992695569992
Chaser,1765460314010,0.0,0.0,-0.8611785769462585,-0.9352353811264038,0.0,0.0,-0.354026734828949
Target,1765460314010,-90.14671325683594,175.841064453125,-122.405029296875,0.9890656471252441,-0.07199276238679886,0.04979153349995613,-0.1186886802315712
Chaser,1765460314693,0.0,0.0,-0.8611785769462585,-0.9352353811264038,0.0,0.0,-0.354026734828949
Target,1765460314693,-90.45608520507812,176.45846557617188,-122.40560913085938,0.9901366233825684,-0.07909472286701202,0.010424735955893993,-0.11517352610826492
Chaser,1765460315375,0.0,0.0,-0.8611785769462585,-0.9352353811264038,0.0,0.0,-0.354026734828949
Target,1765460315375,-90.93941497802734,176.40789794921875,-122.35746765136719,0.9924948811531067,-0.03965730220079422,-0.026920238509774208,-0.11250126361846924
Chaser,1765460316055,0.0,0.0,-0.8611785769462585,-0.9352353811264038,0.0,0.0,-0.354026734828949
Target,1765460316055,-91.23882293701172,175.9759979248047,-122.34589385986328,0.9931540489196777,0.007264858111739159,-0.036799345165491104,-0.11062563210725784
Chaser,1765460316733,0.0,0.0,-0.8611785769462585,-0.9352353811264038,0.0,0.0,-0.354026734828949
Target,1765460316733,-91.19334411621094,175.50906372070312,-122.34796905517578,0.993306577205658,0.033460360020399094,-0.016572140157222748,-0.10930611193180084
Chaser,1765460317534,0.0,0.0,-0.8611785769462585,-0.9352353811264038,0.0,0.0,-0.354026734828949
Target,1765460317534,-90.94718170166016,175.38441467285156,-122.34151458740234,0.993710994720459,0.026428453624248505,0.007358811795711517,-0.10856238752603531
Chaser,1765460318231,0.0,0.0,-0.8611785769462585,-0.9352353811264038,0.0,0.0,-0.354026734828949
Target,1765460318231,-90.74839782714844,175.48573303222656,-122.33736419677734,0.9939343929290771,0.008359996601939201,0.018453488126397133,-0.1080932542681694
Chaser,1765460318856,0.0,0.0,-0.8611785769462585,-0.9352353811264038,0.0,0.0,-0.354026734828949
Target,1765460318856,-90.6744384765625,175.6871337890625,-122.33667755126953,0.9940164685249329,-0.009005370549857616,0.015443015843629837,-0.10775773972272873
Chaser,1765460319554,0.0,0.0,-0.8611785769462585,-0.9352353811264038,0.0,0.0,-0.354026734828949
Target,1765460319554,-90.78006744384766,175.84518432617188,-122.33479309082031,0.9941081404685974,-0.013812924735248089,0.00046421520528383553,-0.10750827938318253
Chaser,1765460320435,0.0,0.0,-0.8611785769462585,-0.9352353811264038,0.0,0.0,-0.354026734828949
Target,1765460320435,-90.9039535522461,175.83006286621094,-122.33446502685547,0.99416583776474,-0.006262676324695349,-0.008078789338469505,-0.10737717151641846
Chaser,1765460321170,0.0,0.0,-0.8611785769462585,-0.9352353811264038,0.0,0.0,-0.354026734828949
Target,1765460321170,-90.95817565917969,175.74432373046875,-122.33434295654297,0.9941911697387695,0.002370227361097932,-0.00809812918305397,-0.10729740560054779
