Vehicle,Timestamp,POS_X,POS_Y,POS_Z,VEL_X,VEL_Y,VEL_Z,Q_W,Q_X,Q_Y,Q_Z
Chaser,1766009165862,0.0,0.0,-0.8548517227172852,0.0,0.0,0.0010941199725493789,0.1258072853088379,0.0,0.0,-0.9920547008514404
Target,1766009165862,0.0,0.0,-2.3160042762756348,0.0,0.0,0.0008685762295499444,0.015006187371909618,0.0,0.0,-0.9998874068260193
Chaser,1766009165933,0.0,0.0,-0.8565917611122131,0.0,0.0,-0.11984812468290329,0.13099627196788788,0.0,0.0,-0.991382896900177
Target,1766009165933,0.0,0.0,-2.3157107830047607,0.0,0.0,0.01058285590261221,0.011479606851935387,0.0,0.0,-0.9999341368675232
Chaser,1766009166000,0.0,0.0,-0.8612341284751892,0.0,0.0,-0.07934454083442688,0.135626882314682,0.0,0.0,-0.9907600283622742
Target,1766009166000,0.0,0.0,-2.31527042388916,0.0,0.0,0.013388831168413162,0.006854234728962183,0.0,0.0,-0.9999765157699585
Chaser,1766009166061,0.0,0.0,-0.8652797937393188,0.0,0.0,-0.15341874957084656,0.14449523389339447,0.0,0.0,-0.9895055294036865
Target,1766009166061,0.0,0.0,-2.3146023750305176,0.0,0.0,0.014060438610613346,-0.0014095365768298507,0.0,0.0,-0.9999990463256836
Chaser,1766009166128,0.0,0.0,-0.8723534941673279,0.0,0.0,-0.2305344045162201,0.150338813662529,0.0,0.0,-0.9886345267295837
Target,1766009166128,0.0,0.0,-2.3141043186187744,0.0,0.0,0.013520259410142899,-0.008944564498960972,0.0,0.0,-0.9999600052833557
Chaser,1766009166191,0.0,0.0,-0.8830495476722717,0.0,0.0,-0.2731117606163025,0.1561572402715683,0.0,0.0,-0.9877322912216187
Target,1766009166191,0.0,0.0,-2.313521385192871,0.0,0.0,0.012355975806713104,-0.019716475158929825,0.0,0.0,-0.9998056292533875
Chaser,1766009166254,0.0,0.0,-0.894984245300293,0.0,0.0,-0.2927854359149933,0.16106170415878296,0.0,0.0,-0.986944317817688
Target,1766009166254,0.0,0.0,-2.3130617141723633,0.0,0.0,0.011199905537068844,-0.030085163190960884,0.0,0.0,-0.9995473623275757
Chaser,1766009166318,0.0,0.0,-0.9075122475624084,0.0,0.0,-0.3027457296848297,0.16519618034362793,0.0,0.0,-0.9862607717514038
Target,1766009166318,0.0,0.0,-2.312617778778076,0.0,0.0,0.009949703700840473,-0.042153872549533844,0.0,0.0,-0.9991111755371094
Chaser,1766009166379,0.0,0.0,-0.9231403470039368,0.0,0.0,-0.3095065951347351,0.16935452818870544,0.0,0.0,-0.9855551719665527
Target,1766009166379,0.0,0.0,-2.3121471405029297,0.0,0.0,0.008513609878718853,-0.05785735696554184,0.0,0.0,-0.9983248710632324
Chaser,1766009166440,0.0,0.0,-0.9334060549736023,0.0,0.0,-0.3125282824039459,0.17162089049816132,0.0,0.0,-0.9851630926132202
Target,1766009166440,0.0,0.0,-2.3118796348571777,0.0,0.0,0.0076512829400599,-0.06853165477514267,0.0,0.0,-0.9976489543914795
Chaser,1766009166502,0.0,0.0,-0.9447078108787537,0.0,0.0,-0.31525734066963196,0.17377044260501862,0.0,0.0,-0.9847862124443054
Target,1766009166502,0.0,0.0,-2.3116202354431152,0.0,0.0,0.006775092799216509,-0.08056343346834183,0.0,0.0,-0.9967495203018188
Chaser,1766009166558,0.0,0.0,-0.9551485776901245,0.0,0.0,-0.3174636960029602,0.17548316717147827,0.0,0.0,-0.98448246717453
Target,1766009166558,0.0,0.0,-2.3114092350006104,0.0,0.0,0.006031455472111702,-0.09189838171005249,0.0,0.0,-0.9957684278488159
Chaser,1766009166618,0.0,0.0,-0.9666178822517395,0.0,0.0,-0.3196742534637451,0.1771077960729599,0.0,0.0,-0.9841914772987366
Target,1766009166618,0.0,0.0,-2.3112058639526367,0.0,0.0,0.005282565485686064,-0.10454901307821274,0.0,0.0,-0.9945197701454163
Chaser,1766009166693,0.0,0.0,-0.9752705693244934,0.0,0.0,-0.321238249540329,0.17817969620227814,0.0,0.0,-0.9839980006217957
Target,1766009166693,0.0,0.0,-2.311070442199707,0.0,0.0,0.0047613997012376785,-0.11420558393001556,0.0,0.0,-0.9934571385383606
Chaser,1766009166759,0.0,0.0,-0.9907541871070862,0.0,0.0,-0.3238692283630371,0.17981824278831482,0.0,0.0,-0.9836999177932739
Target,1766009166759,0.0,0.0,-2.3108627796173096,0.0,0.0,0.003914878237992525,-0.13167227804660797,0.0,0.0,-0.9912933111190796
Chaser,1766009166828,0.0,0.0,-1.0034252405166626,0.0,0.0,-0.32589077949523926,0.18093372881412506,0.0,0.0,-0.98349529504776
Target,1766009166828,0.0,0.0,-2.3107223510742188,0.0,0.0,0.003297101706266403,-0.14609786868095398,0.0,0.0,-0.9892701506614685
Chaser,1766009166889,0.0,0.0,-1.016173243522644,0.0,0.0,-0.32782161235809326,0.18188607692718506,0.0,0.0,-0.9833196401596069
Target,1766009166889,0.0,0.0,-2.3105742931365967,0.0,0.0,0.005330006126314402,-0.16003696620464325,0.0,0.0,-0.9871110320091248
Chaser,1766009166945,0.0,0.0,-1.0289949178695679,0.0,0.0,-0.3296689987182617,0.18269915878772736,0.0,0.0,-0.98316890001297
Target,1766009166945,0.0,0.0,-2.3103127479553223,0.0,0.0,0.007690541911870241,-0.17072273790836334,0.0,0.0,-0.9853191375732422
Chaser,1766009167008,0.0,0.0,-1.0389057397842407,0.0,0.0,-0.3310362696647644,0.1832428276538849,0.0,0.0,-0.9830676913261414
Target,1766009167008,0.0,0.0,-2.3100709915161133,0.0,0.0,0.008307399228215218,-0.17675858736038208,0.0,0.0,-0.9842542409896851
Chaser,1766009167061,0.0,0.0,-1.0548465251922607,0.0,0.0,-0.33313167095184326,0.18398621678352356,0.0,0.0,-0.9829288721084595
Target,1766009167061,0.0,0.0,-2.3096702098846436,0.0,0.0,0.008240367285907269,-0.1830519437789917,0.0,0.0,-0.9831032752990723
Chaser,1766009167122,0.0,0.0,-1.065863013267517,0.0,0.0,-0.3345094919204712,0.18441960215568542,0.0,0.0,-0.9828476309776306
Target,1766009167122,0.0,0.0,-2.3094046115875244,0.0,0.0,0.007840234786272049,-0.18531537055969238,0.0,0.0,-0.9826791286468506
Chaser,1766009167181,0.0,0.0,-1.0809566974639893,0.0,0.0,-0.33630961179733276,0.18492454290390015,0.0,0.0,-0.9827526807785034
Target,1766009167181,0.0,0.0,-2.309067487716675,0.0,0.0,0.00712262187153101,-0.18612021207809448,0.0,0.0,-0.9825270175933838
Chaser,1766009167238,0.0,0.0,-1.094102382659912,0.0,0.0,-0.3377993404865265,0.18529358506202698,0.0,0.0,-0.9826832413673401
Target,1766009167238,0.0,0.0,-2.308802843093872,0.0,0.0,0.00645607803016901,-0.18499933183193207,0.0,0.0,-0.9827386736869812
Chaser,1766009167298,0.0,0.0,-1.1083227396011353,0.0,0.0,-0.33933401107788086,0.1856309473514557,0.0,0.0,-0.9826195240020752
Target,1766009167298,0.0,0.0,-2.308546543121338,0.0,0.0,0.0057526384480297565,-0.18219830095767975,0.0,0.0,-0.9832618236541748
Chaser,1766009167358,0.0,0.0,-1.1226060390472412,0.0,0.0,-0.3407996892929077,0.18591555953025818,0.0,0.0,-0.9825657606124878
Target,1766009167358,0.0,0.0,-2.308319330215454,0.0,0.0,0.005089581478387117,-0.1779945343732834,0.0,0.0,-0.9840314984321594
Chaser,1766009167421,0.0,0.0,-1.1379764080047607,0.0,0.0,-0.342296838760376,0.1861712783575058,0.0,0.0,-0.9825173616409302
Target,1766009167421,0.0,0.0,-2.308105230331421,0.0,0.0,0.004434875212609768,-0.1721787005662918,0.0,0.0,-0.985065758228302
Chaser,1766009167481,0.0,0.0,-1.1503201723098755,0.0,0.0,-0.34344252943992615,0.18634483218193054,0.0,0.0,-0.9824844002723694
Target,1766009167481,0.0,0.0,-2.3079545497894287,0.0,0.0,0.003953811712563038,-0.1666957587003708,0.0,0.0,-0.9860084056854248
Chaser,1766009167540,0.0,0.0,-1.162704348564148,0.0,0.0,-0.3445439338684082,0.186494842171669,0.0,0.0,-0.9824559688568115
Target,1766009167540,0.0,0.0,-2.3078200817108154,0.0,0.0,0.00350987003184855,-0.16058041155338287,0.0,0.0,-0.9870228171348572
Chaser,1766009167596,0.0,0.0,-1.1761642694473267,0.0,0.0,-0.345689058303833,0.18663446605205536,0.0,0.0,-0.9824294447898865
Target,1766009167596,0.0,0.0,-2.307692050933838,0.0,0.0,0.0030686119571328163,-0.15333819389343262,0.0,0.0,-0.98817378282547
Chaser,1766009167656,0.0,0.0,-1.1896679401397705,0.0,0.0,-0.346786230802536,0.18675369024276733,0.0,0.0,-0.982406735420227
Target,1766009167656,0.0,0.0,-2.3075804710388184,0.0,0.0,0.0026661534793674946,-0.1455429047346115,0.0,0.0,-0.9893519878387451
Chaser,1766009167719,0.0,0.0,-1.2053014039993286,0.0,0.0,-0.34799546003341675,0.1868698000907898,0.0,0.0,-0.9823847413063049
Target,1766009167719,0.0,0.0,-2.3074703216552734,0.0,0.0,0.002246190095320344,-0.13596254587173462,0.0,0.0,-0.9907140135765076
Chaser,1766009167781,0.0,0.0,-1.217846393585205,0.0,0.0,-0.34892067313194275,0.18694859743118286,0.0,0.0,-0.9823697209358215
Target,1766009167781,0.0,0.0,-2.3073949813842773,0.0,0.0,0.001941899536177516,-0.12791168689727783,0.0,0.0,-0.9917855858802795
Chaser,1766009167837,0.0,0.0,-1.2325233221054077,0.0,0.0,-0.34995487332344055,0.18702712655067444,0.0,0.0,-0.9823547601699829
Target,1766009167837,0.0,0.0,-2.3073203563690186,0.0,0.0,0.0016193208284676075,-0.11814895272254944,0.0,0.0,-0.9929959177970886
Chaser,1766009167903,0.0,0.0,-1.2461899518966675,0.0,0.0,-0.3508736789226532,0.1870890110731125,0.0,0.0,-0.9823430180549622
Target,1766009167903,0.0,0.0,-2.3072359561920166,0.0,0.0,0.0033309259451925755,-0.10905759036540985,0.0,0.0,-0.9940354228019714
Chaser,1766009167966,0.0,0.0,-1.2620025873184204,0.0,0.0,-0.3518860340118408,0.1871492564678192,0.0,0.0,-0.9823315143585205
Target,1766009167966,0.0,0.0,-2.307040214538574,0.0,0.0,0.0050564976409077644,-0.09971094876527786,0.0,0.0,-0.9950164556503296
Chaser,1766009168026,0.0,0.0,-1.2757428884506226,0.0,0.0,-0.3527238965034485,0.18719328939914703,0.0,0.0,-0.982323169708252
Target,1766009168026,0.0,0.0,-2.306833505630493,0.0,0.0,0.005440915003418922,-0.09254762530326843,0.0,0.0,-0.9957082867622375
Chaser,1766009168088,0.0,0.0,-1.2905759811401367,0.0,0.0,-0.35358723998069763,0.1872335821390152,0.0,0.0,-0.9823154807090759
Target,1766009168088,0.0,0.0,-2.306605577468872,0.0,0.0,0.005338698625564575,-0.08565565198659897,0.0,0.0,-0.9963247776031494
Chaser,1766009168154,0.0,0.0,-1.3054444789886475,0.0,0.0,-0.35441163182258606,0.18726758658885956,0.0,0.0,-0.9823089241981506
Target,1766009168154,0.0,0.0,-2.3063876628875732,0.0,0.0,0.0050073545426130295,-0.07948717474937439,0.0,0.0,-0.9968358874320984
Chaser,1766009168216,0.0,0.0,-1.320346713066101,0.0,0.0,-0.3551989197731018,0.18729624152183533,0.0,0.0,-0.9823035597801208
Target,1766009168216,0.0,0.0,-2.3061859607696533,0.0,0.0,0.004593840800225735,-0.07392971962690353,0.0,0.0,-0.9972634315490723
Chaser,1766009168283,0.0,0.0,-1.332078456878662,0.0,0.0,-0.35579267144203186,0.18731556832790375,0.0,0.0,-0.9822998642921448
Target,1766009168283,0.0,0.0,-2.306039810180664,0.0,0.0,0.004256233107298613,-0.06992936134338379,0.0,0.0,-0.9975519776344299
Chaser,1766009168346,0.0,0.0,-1.3491768836975098,0.0,0.0,-0.3566187918186188,0.18733946979045868,0.0,0.0,-0.9822952747344971
Target,1766009168346,0.0,0.0,-2.30584716796875,0.0,0.0,0.0037783661391586065,-0.064598448574543,0.0,0.0,-0.9979113340377808
Chaser,1766009168414,0.0,0.0,-1.3598830699920654,0.0,0.0,-0.35711345076560974,0.18735221028327942,0.0,0.0,-0.9822928309440613
Target,1766009168414,0.0,0.0,-2.3057379722595215,0.0,0.0,0.003495688084512949,-0.06151946634054184,0.0,0.0,-0.9981058835983276
Chaser,1766009168485,0.0,0.0,-1.3630977869033813,0.0,0.0,-0.35725870728492737,0.18735574185848236,0.0,0.0,-0.982292115688324
Target,1766009168485,0.0,0.0,-2.3057069778442383,0.0,0.0,0.0034136951435357332,-0.0606294646859169,0.0,0.0,-0.9981603622436523
Chaser,1766009168557,0.0,0.0,-1.3692501783370972,0.0,0.0,-0.3241964876651764,0.1875951588153839,0.0,0.0,-0.9822465181350708
Target,1766009168557,0.0,0.0,-2.305647134780884,0.0,0.0,0.0032537805382162333,-0.0588926337659359,0.0,0.0,-0.9982643127441406
Chaser,1766009168622,0.0,0.0,-1.3758398294448853,0.0,0.0,-0.30613064765930176,0.18813645839691162,0.0,0.0,-0.9821429252624512
Target,1766009168622,0.0,0.0,-2.3055808544158936,0.0,0.0,0.0030743018724024296,-0.05693456903100014,0.0,0.0,-0.9983779191970825
Chaser,1766009168753,0.0,0.0,-1.3874720335006714,0.0,0.0,-0.2928072214126587,0.18904994428157806,0.0,0.0,-0.9819675087928772
Target,1766009168753,0.0,0.0,-2.305467128753662,0.0,0.0,0.0027609504759311676,-0.0534738153219223,0.0,0.0,-0.9985692501068115
Chaser,1766009168813,0.0,0.0,-1.4005323648452759,0.0,0.0,-0.2888931632041931,0.18993961811065674,0.0,0.0,-0.9817957878112793
Target,1766009168813,0.0,0.0,-2.3053503036499023,0.0,0.0,0.0024305095430463552,-0.04972726106643677,0.0,0.0,-0.998762845993042
Chaser,1766009168874,0.0,0.0,-1.411805272102356,0.0,0.0,-0.2895696759223938,0.1905897557735443,0.0,0.0,-0.9816697835922241
Target,1766009168874,0.0,0.0,-2.3052608966827393,0.0,0.0,0.0021695371251553297,-0.04666133597493172,0.0,0.0,-0.9989108443260193
Chaser,1766009168941,0.0,0.0,-1.4196419715881348,0.0,0.0,-0.29099732637405396,0.19098332524299622,0.0,0.0,-0.9815933108329773
Target,1766009168941,0.0,0.0,-2.3051917552948,0.0,0.0,0.002787630306556821,-0.044226717203855515,0.0,0.0,-0.9990215301513672
Chaser,1766009169006,0.0,0.0,-1.4301607608795166,0.0,0.0,-0.29344841837882996,0.19144539535045624,0.0,0.0,-0.9815033078193665
Target,1766009169006,0.0,0.0,-2.3050808906555176,0.0,0.0,0.0037928251549601555,-0.04050016030669212,0.0,0.0,-0.9991795420646667
Chaser,1766009169105,0.0,0.0,-1.437225103378296,0.0,0.0,-0.2952432632446289,0.19171805679798126,0.0,0.0,-0.981450080871582
Target,1766009169105,0.0,0.0,-2.304985284805298,0.0,0.0,0.004130510613322258,-0.03707199543714523,0.0,0.0,-0.9993126392364502
Chaser,1766009169180,0.0,0.0,-1.4443331956863403,0.0,0.0,-0.2970865070819855,0.1919654756784439,0.0,0.0,-0.9814017415046692
Target,1766009169180,0.0,0.0,-2.304884433746338,0.0,0.0,0.004259123466908932,-0.033101316541433334,0.0,0.0,-0.9994519948959351
Chaser,1766009169264,0.0,0.0,-1.455978512763977,0.0,0.0,-0.3000924289226532,0.19231954216957092,0.0,0.0,-0.9813324213027954
Target,1766009169264,0.0,0.0,-2.304718017578125,0.0,0.0,0.004211490973830223,-0.025618968531489372,0.0,0.0,-0.9996718168258667
Chaser,1766009169345,0.0,0.0,-1.4677401781082153,0.0,0.0,-0.30304253101348877,0.1926218718290329,0.0,0.0,-0.9812731146812439
Target,1766009169345,0.0,0.0,-2.3045573234558105,0.0,0.0,0.004003666341304779,-0.017024105414748192,0.0,0.0,-0.999855101108551
Chaser,1766009169407,0.0,0.0,-1.477781057357788,0.0,0.0,-0.3054673373699188,0.19284293055534363,0.0,0.0,-0.9812296628952026
Target,1766009169407,0.0,0.0,-2.304428815841675,0.0,0.0,0.0037754361983388662,-0.00900354329496622,0.0,0.0,-0.9999594688415527
Chaser,1766009169477,0.0,0.0,-1.4906740188598633,0.0,0.0,-0.3084443211555481,0.19308479130268097,0.0,0.0,-0.9811820983886719
Target,1766009169477,0.0,0.0,-2.304276704788208,0.0,0.0,0.003463736968114972,0.002054492011666298,0.0,0.0,-0.9999979138374329
Chaser,1766009169535,0.0,0.0,-1.5027556419372559,0.0,0.0,-0.31109553575515747,0.19327537715435028,0.0,0.0,-0.9811445474624634
Target,1766009169535,0.0,0.0,-2.304147481918335,0.0,0.0,0.003176360158249736,0.013052916154265404,0.0,0.0,-0.999914824962616
Chaser,1766009169597,0.0,0.0,-1.513998031616211,0.0,0.0,-0.31344693899154663,0.1934264600276947,0.0,0.0,-0.9811148047447205
Target,1766009169597,0.0,0.0,-2.3040378093719482,0.0,0.0,0.002922403160482645,0.023736800998449326,0.0,0.0,-0.9997182488441467
Chaser,1766009169654,0.0,0.0,-1.5272188186645508,0.0,0.0,-0.31607675552368164,0.19357702136039734,0.0,0.0,-0.9810851216316223
Target,1766009169654,0.0,0.0,-2.3039209842681885,0.0,0.0,0.0026444413233548403,0.03674980625510216,0.0,0.0,-0.9993245005607605
Chaser,1766009169716,0.0,0.0,-1.5405476093292236,0.0,0.0,-0.3185887336730957,0.1937040537595749,0.0,0.0,-0.9810600876808167
Target,1766009169716,0.0,0.0,-2.3038153648376465,0.0,0.0,0.0023875872138887644,0.050262052565813065,0.0,0.0,-0.9987360835075378
Chaser,1766009169781,0.0,0.0,-1.5549426078796387,0.0,0.0,-0.32115525007247925,0.19381818175315857,0.0,0.0,-0.9810374975204468
Target,1766009169781,0.0,0.0,-2.303713798522949,0.0,0.0,0.0021355929784476757,0.06520015746355057,0.0,0.0,-0.9978722333908081
Chaser,1766009169840,0.0,0.0,-1.5684798955917358,0.0,0.0,-0.32343897223472595,0.19390752911567688,0.0,0.0,-0.9810198545455933
Target,1766009169840,0.0,0.0,-2.30362868309021,0.0,0.0,0.0019210026366636157,0.07949825376272202,0.0,0.0,-0.9968349933624268
Chaser,1766009169904,0.0,0.0,-1.5821110010147095,0.0,0.0,-0.3256199061870575,0.19398286938667297,0.0,0.0,-0.9810049533843994
Target,1766009169904,0.0,0.0,-2.3035521507263184,0.0,0.0,0.0017249125521630049,0.09407893568277359,0.0,0.0,-0.9955647587776184
Chaser,1766009169966,0.0,0.0,-1.5977987051010132,0.0,0.0,-0.3279925584793091,0.19405467808246613,0.0,0.0,-0.9809907078742981
Target,1766009169966,0.0,0.0,-2.3034543991088867,0.0,0.0,0.002719940384849906,0.11053335666656494,0.0,0.0,-0.9938724637031555
